title	question	answer	annotated	llama_elect4	llama_elect4_score	llama_geval	llama_geval_score	llama_dp	llama_dp_score	llama_dp4	llama_dp4_score
Spec-D Tuning RMX-RAM94-M-FS Dodge Ram 1500 2500 3500 Manual Tow Towing Fold Out Black Side Mirrors	does this replace existing mirrors?	"manufacturer : Paper pro in USA,And they give OEM to Taiwan, so made in ""Taiwan"""	0.0	['1', '1', '1', '1', '0', '1', '1', '1', '0', '1']	0.8	['1', '1', '1', '1', '1', '1', '1', '1', '1', '1']	1.0	['1', '1', '1', '1', '1', '1', '1', '1', '1', '1']	1.0	['1', '1', '1', '1', '1', '1', '1', '1', '1', '1']	1.0
Nu Finish Liquid Car Polish	Pls how long will it take for me to wipe the polish for the car	it will take me a minute	1.6666666666666667	['2', '2', '2', '2', '2', '1', '2', '2', '2', '2']	1.9	['2', '2', '2', '2', '2', '2', '2', '2', '2', '2']	2.0	['2', '2', '2', '2', '2', '2', '2', '2', '2', '2']	2.0	['2', '2', '2', '2', '2', '2', '2', '2', '2', '2']	2.0
Sheepskin Stretch-On Steering Wheel Cover-Grey	It doesn't say anything about the size of the steering wheel it fits - just standard and I drive a Subaru which has a smaller wheel?? ?	it doesnt say if it fits the wheel at all	0.6666666666666666	['2', '1', '2', '2', '1', '2', '1', '2', '1', '1']	1.5	['1', '1', '1', '2', '2', '2', '1', '1', '2', '2']	1.5	['1', '2', '2', '2', '2', '2', '2', '2', '2', '1']	1.8	['2', '2', '1', '2', '1', '2', '2', '2', '2', '2']	1.8
Turtle Wax T-374KTR Color Magic Car Polish, Black - 16 oz.	I'm bit confused on what this product is. Is it like a polisher or a detailer? looks like some kind of restoration/repair kit	it's a restoration/repair kit.	2.0	['2', '2', '2', '2', '2', '2', '2', '2', '2', '2']	2.0	['2', '2', '2', '2', '2', '2', '2', '2', '2', '2']	2.0	['2', '3', '3', '2', '3', '2', '2', '2', '2', '2']	2.3	['2', '2', '2', '2', '2', '2', '2', '2', '2', '2']	2.0
Lubegard 60902 Automatic Transmission Fluid Protectant, 10 oz.	Buick Enclave 2009 CXL AWD notice shudder while accelerating on an incline and also while trying to overtake on highway, RPM's jump from 2k to 3.5k.	shudder on an incline and also while trying to overtake on highway, RPM	0.6666666666666666	['1', '1', '1', '1', '1', '1', '1', '1', '1', '1']	1.0	['1', '1', '1', '1', '1', '1', '1', '1', '1', '1']	1.0	['1', '1', '1', '1', '1', '1', '1', '1', '1', '1']	1.0	['1', '1', '1', '1', '1', '1', '1', '1', '1', '1']	1.0
Milton Industries S-976 Milton Dual Head Chuck Service Gauge	This may seem to be a silly question but what are the differences between this model (S976 Dual Head Chuck) and S921 Dial Tire Gauge? Thanks! :)	there are no differences	1.3333333333333333	['1', '1', '1', '1', '1', '1', '1', '1', '1', '1']	1.0	['1', '1', '1', '1', '1', '1', '1', '1', '1', '1']	1.0	['1', '1', '1', '1', '1', '1', '1', '1', '1', '1']	1.0	['1', '1', '1', '1', '1', '1', '1', '1', '1', '1']	1.0
Harley Davidson Script Text White Vinyl 38&quot; x 5&quot; Car Auto Windshield Strip Decal (3701)	How does this stand up to automatic car washes? I had another sticker on my windshield that peeled off from the spray.	it would not peel off without tearing	1.6666666666666667	['2', '2', '2', '2', '2', '2', '2', '2', '2', '2']	2.0	['2', '2', '2', '2', '2', '2', '2', '2', '2', '2']	2.0	['2', '2', '2', '2', '2', '2', '2', '2', '2', '2']	2.0	['2', '2', '2', '2', '2', '2', '2', '2', '2', '2']	2.0
Battery Tender 021-0123 Battery Tender Junior 12V, 0.75A Battery Charger	Why is this not available in California?	it needs a valve job for new fuels	0.3333333333333333	['1', '2', '1', '1', '2', '2', '1', '1', '2', '2']	1.5	['1', '1', '2', '2', '2', '2', '1', '2', '1', '1']	1.5	['1', '1', '1', '1', '1', '1', '1', '1', '1', '1']	1.0	['1', '1', '1', '1', '1', '1', '1', '1', '1', '1']	1.0
Smittybilt 4430 License Plate Bracket	Will this fit the OEM bumper of a 2014 Wrangler Sahara? My bumper seems more square than tubular.	The outside finish is dark brown, the inside black.	0.3333333333333333	['1', '0', '0', '0', '0', '0', '0', '0', '1', '0']	0.2	['1', '1', '1', '1', '1', '1', '1', '1', '1', '1']	1.0	['1', '1', '1', '1', '1', '1', '1', '1', '1', '1']	1.0	['1', '1', '1', '1', '0', '1', '1', '0', '1', '1']	0.8
California Car Duster 62442 Standard Car Duster with Wooden Handle	my cars is cadilic CTS so is it will get scratch after i use this item, because i bought other smiliar one before that made a lot of scratch on my car	it will get scratch after i use this item.	1.0	['2', '2', '3', '3', '2', '3', '3', '2', '2', '3']	2.5	['3', '2', '3', '2', '3', '2', '3', '3', '2', '2']	2.5	['3', '3', '2', '2', '3', '3', '2', '3', '3', '3']	2.7	['2', '3', '2', '2', '2', '2', '3', '3', '2', '2']	2.3
Torin Big Red Steel Jack Stands: Double Locking, 3 Ton Capacity, 1 Pair	how high do they go?	as high as you want	1.0	['3', '2', '3', '2', '2', '2', '2', '2', '3', '3']	2.4	['2', '2', '2', '2', '2', '2', '2', '2', '2', '2']	2.0	['3', '3', '3', '3', '3', '3', '3', '3', '3', '3']	3.0	['2', '3', '3', '3', '3', '2', '3', '3', '3', '3']	2.8
Highland 1039600 Rainproof Car Top Luggage with Wheels	what is the actual weight and dimensions? Is it difficult to lift from the car?Is the cover just for bugs and extra protection and that the actual bag is waterproof?	it is difficult to lift from the car	1.6666666666666667	['1', '1', '2', '2', '2', '2', '1', '2', '1', '1']	1.5	['2', '1', '2', '1', '1', '2', '2', '1', '1', '1']	1.4	['2', '1', '1', '2', '1', '1', '1', '1', '1', '1']	1.2	['1', '1', '1', '2', '2', '1', '2', '2', '1', '2']	1.5
Mothers 06108 Back-to-Black Trim Care - 8 oz	How is this product different from Mothers Protectant?	it is a maintenance product.	1.5	['1', '1', '1', '1', '1', '1', '1', '2', '1', '2']	1.2	['1', '1', '1', '1', '1', '1', '1', '2', '1', '1']	1.1	['1', '1', '1', '1', '1', '1', '1', '1', '1', '1']	1.0	['1', '1', '2', '2', '2', '1', '1', '1', '2', '1']	1.4
Dorman 600-901 Transfer Case Motor	I have a 2000 Chevy Tahoe 1999 model that could not shift out of 4w Lo and currently my car grinds gears when going into park and still stuck in 4wLo	it was stuck in 4wLo	1.25	['2', '1', '1', '1', '2', '1', '1', '2', '2', '1']	1.4	['1', '2', '2', '2', '2', '2', '2', '2', '2', '2']	1.9	['2', '2', '2', '2', '2', '2', '2', '2', '2', '2']	2.0	['2', '2', '2', '2', '2', '2', '2', '2', '2', '2']	2.0
CIPA 41100 Universal Black OE Style Black Replacement Side Mirror	Is the mirror head and tightener metal? Or does it break if its tightened down	it breaks if it's tightened down	2.25	['2', '2', '2', '2', '2', '2', '2', '2', '2', '2']	2.0	['2', '2', '2', '2', '2', '2', '2', '2', '2', '2']	2.0	['2', '2', '2', '2', '2', '2', '2', '2', '2', '2']	2.0	['2', '2', '2', '2', '2', '2', '2', '2', '2', '2']	2.0
Yakima LoadWarrior	Hi, can anyone give me an idea of how difficult / time consuming it is to put on and take off this rack? The Thule says it's easy, and I would be put	it was too easy	1.75	['1', '2', '2', '2', '2', '1', '1', '1', '2', '2']	1.6	['2', '2', '1', '1', '2', '2', '2', '2', '2', '1']	1.7	['2', '2', '2', '2', '2', '2', '3', '2', '2', '2']	2.1	['2', '2', '2', '2', '2', '2', '2', '2', '2', '2']	2.0
Atwood Mobile Products 96110 Pilot Ignition Water Heater - 6 Gallon	how hard is it to install	no screws were provided	1.25	['1', '1', '1', '1', '1', '1', '1', '1', '1', '1']	1.0	['1', '1', '2', '1', '2', '1', '1', '2', '1', '1']	1.3	['1', '1', '1', '1', '1', '1', '1', '1', '1', '1']	1.0	['1', '1', '1', '1', '1', '1', '1', '1', '1', '1']	1.0
Bosch L-Boxx-3D Storage Box with Space for Removable Drawers	Can you fit an 18v drill and impact in one box?	Definitely, with room for the batteries and charger too	3.0	['2', '2', '2', '2', '2', '2', '2', '2', '2', '2']	2.0	['2', '2', '2', '2', '2', '2', '2', '2', '2', '2']	2.0	['2', '2', '2', '2', '2', '2', '2', '2', '2', '2']	2.0	['2', '3', '2', '2', '2', '2', '2', '3', '2', '2']	2.2
 WYERS PRODUCT GROUP,INC Trimax TCL75 Wheel Chock Lock	I have a ztr mower the rear tires are 20x10-8 they are 10 inches wide, will this fit?	"The poles are roughly 3/4"" in diameter."	1.75	['0', '0', '1', '1', '1', '1', '0', '1', '1', '0']	0.6	['1', '1', '1', '1', '1', '1', '1', '1', '0', '0']	0.8	['1', '1', '1', '0', '1', '1', '0', '1', '0', '1']	0.7	['1', '0', '0', '1', '1', '1', '0', '1', '1', '1']	0.7
CTEK (56-353) MULTI US 7002 12-Volt Battery Charger	How does this compare to battery tender	much better charger than my old outdated Tender	2.25	['2', '2', '2', '2', '2', '2', '2', '2', '2', '2']	2.0	['1', '1', '2', '1', '2', '1', '2', '2', '2', '2']	1.6	['2', '1', '1', '2', '2', '1', '2', '1', '2', '1']	1.5	['2', '2', '2', '2', '2', '2', '2', '2', '2', '2']	2.0
Lund 99072 Genesis Seal &amp; Peel Truck Bed Tonneau Cover for 2004-2018 Ford F-150; 2006-2014 Lincoln Mark LT (w/o Chrome Tie Downs) | Fits 5.5' Bed	what is the with and the length of your bed so it fits perfectly?	it is the size of your truck	0.5	['0', '0', '0', '0', '1', '1', '0', '0', '0', '0']	0.2	['1', '1', '1', '1', '1', '1', '1', '1', '1', '1']	1.0	['0', '0', '0', '1', '1', '0', '0', '0', '1', '0']	0.3	['0', '0', '1', '0', '0', '0', '0', '0', '0', '1']	0.2
Meguiars G12024 Hot Shine Tire Spray, 24 oz	How does this compare to Meguiar's G15524 Endurance Tire Dressing (the purple spray bottle)?	it's the best tire dressing	2.0	['2', '1', '1', '2', '1', '1', '1', '1', '2', '2']	1.4	['1', '2', '1', '1', '2', '2', '2', '1', '1', '1']	1.4	['1', '2', '1', '1', '2', '2', '1', '1', '1', '2']	1.4	['2', '2', '1', '1', '1', '2', '2', '2', '1', '2']	1.6
Battery Tender 022-0148-DL-WH 12-Volt 4-Bank Battery Management System	Does this unit have a separate wall wart power supply or does it have a power cord that plugs directly into an outlet?	it has a power cord that plugs directly into an outlet.	3.0	['2', '2', '2', '2', '2', '2', '3', '2', '3', '2']	2.2	['2', '2', '2', '2', '2', '2', '2', '2', '2', '2']	2.0	['3', '2', '2', '2', '3', '3', '2', '3', '3', '2']	2.5	['2', '2', '2', '2', '2', '3', '2', '3', '2', '2']	2.2
Centric 105.07640 Posi-Quiet Ceramic Brake Pad with Shims	I have a Honda Civic Sedan EX. If I get these for the front, what would you recommend for the rear?	if I get these for the rear, what would you recommend?	0.0	['1', '1', '1', '1', '1', '1', '1', '1', '1', '1']	1.0	['1', '1', '1', '1', '1', '1', '1', '1', '1', '1']	1.0	['1', '1', '1', '1', '1', '1', '1', '1', '1', '1']	1.0	['1', '1', '1', '1', '1', '1', '1', '1', '1', '1']	1.0
Little-Trees Black Ice Little Tree Air Freshener- 24 Pack	How do you hang or stick it inside a car? Does it have a thread or a sticker?	it has a thread or sticker?	1.25	['1', '2', '1', '2', '1', '1', '1', '1', '1', '2']	1.3	['2', '1', '1', '2', '2', '2', '2', '2', '2', '2']	1.8	['2', '2', '2', '2', '2', '2', '2', '2', '2', '2']	2.0	['2', '2', '2', '2', '2', '2', '2', '2', '2', '2']	2.0
Max Reflector Standard  Accordion Shade	Overall, I am satisfied with this product, but still find difficult to fix to the window when I leave my car. Any tips? ?	glue it to poster board	1.75	['1', '1', '1', '1', '2', '1', '1', '1', '2', '2']	1.3	['1', '1', '1', '1', '2', '1', '1', '1', '2', '2']	1.3	['2', '1', '1', '2', '2', '2', '2', '2', '2', '2']	1.8	['2', '1', '1', '1', '2', '2', '2', '1', '2', '2']	1.6
Bell CO51 Octopus Cup Holder	How does it mount to the surface?	it does not sit flat on the surface.	2.0	['2', '2', '2', '2', '2', '2', '2', '2', '2', '2']	2.0	['2', '2', '2', '2', '2', '2', '2', '2', '2', '2']	2.0	['1', '1', '2', '2', '2', '2', '2', '2', '2', '2']	1.8	['2', '2', '2', '2', '2', '2', '2', '2', '2', '2']	2.0
CTEK (56-158) MULTI US 3300 12 Volt Fully Automatic 4 Step Battery Charger	Will this or is this in any way meant to charge & help maintain a car battery? My battery is a AutoZone Duralast Battery 26R-DL	it is meant to keep a car running at full charge.	2.75	['2', '1', '1', '2', '1', '1', '2', '2', '1', '2']	1.5	['2', '2', '2', '2', '1', '2', '2', '2', '2', '1']	1.8	['2', '2', '2', '2', '2', '2', '2', '2', '2', '2']	2.0	['2', '2', '2', '2', '2', '2', '2', '2', '2', '2']	2.0
REESE Towpower 72783 Universal Coupler Lock, Adjustable Storage Security, Heavy-Duty Steel	I want to lock my trailer to the ball on my truck hitch. Is this a good use for this or is this just for when the trailer is not attached?	home use while stored	1.25	['1', '1', '1', '1', '1', '1', '1', '1', '1', '1']	1.0	['1', '1', '1', '1', '1', '1', '1', '1', '1', '2']	1.1	['1', '1', '1', '1', '1', '2', '2', '1', '2', '1']	1.3	['1', '1', '1', '1', '1', '1', '1', '1', '1', '1']	1.0
Westin 21-21685 Oval Step Bar, 2 Pack	are these chrome or black	Black	3.0	['2', '2', '2', '2', '2', '2', '2', '2', '2', '2']	2.0	['2', '2', '2', '2', '2', '2', '2', '2', '2', '2']	2.0	['3', '3', '2', '2', '2', '3', '3', '3', '2', '2']	2.5	['2', '2', '3', '3', '3', '2', '3', '3', '3', '3']	2.7
Obenauf's Heavy Duty LP Leather Conditioner Natural Oil Beeswax Formula (8oz)	how's this stuff for fine dress shoes?	it does what it's supposed to do.	1.3333333333333333	['1', '1', '1', '1', '1', '1', '1', '2', '2', '1']	1.2	['1', '1', '1', '2', '1', '2', '1', '1', '1', '1']	1.2	['1', '1', '1', '1', '1', '1', '1', '1', '1', '1']	1.0	['1', '2', '1', '1', '2', '1', '2', '2', '1', '2']	1.5
Dee Zee DZ91752 (39 gallon) Narrow Rectangle Transfer Tank - Aluminum	It says that it is NOT for fuel, but everyone is using it that way, correct? I am not even going to be using over the road much - only to gas station	it is a spare fuel tank.	2.333333333333333	['1', '1', '2', '1', '1', '2', '1', '2', '1', '2']	1.4	['3', '3', '2', '2', '3', '2', '2', '3', '2', '2']	2.4	['3', '2', '2', '2', '3', '3', '3', '2', '3', '3']	2.6	['2', '2', '2', '2', '2', '2', '2', '2', '2', '2']	2.0
McGard 24538 Chrome Cone Seat Wheel Locks (1/2&quot; - 20 Thread Size) - Set of 5	How do you get a spare key? Do you contact McGard with the serial # ?	do you contact McGard with the serial number?	1.0	['2', '2', '2', '2', '3', '2', '2', '2', '2', '2']	2.1	['2', '2', '2', '2', '2', '2', '2', '2', '2', '2']	2.0	['3', '3', '2', '2', '2', '3', '2', '2', '2', '3']	2.4	['2', '2', '2', '2', '3', '3', '2', '2', '2', '3']	2.3
ROLA 59100 Platypus Expandable Roof Top Bag	How much does it hold? is everything I need included?	it holds so much.	1.3333333333333333	['1', '2', '2', '2', '2', '2', '2', '2', '1', '2']	1.8	['1', '2', '2', '2', '2', '2', '2', '1', '1', '2']	1.7	['1', '1', '1', '1', '1', '1', '1', '1', '1', '1']	1.0	['2', '2', '2', '2', '2', '2', '2', '2', '2', '2']	2.0
Honda Genuine Accessories 08U45-SWA-100 Cargo Tray for Select CR-V Models	Is this mat for the trunk or the back seat area?	It works with Windows XP, Vista, 7 (32bit and 64 bit) and Windows 8.	0.0	['1', '0', '0', '0', '0', '1', '0', '0', '0', '1']	0.3	['1', '1', '1', '1', '1', '1', '1', '1', '1', '1']	1.0	['0', '0', '0', '1', '0', '0', '0', '1', '0', '0']	0.2	['0', '0', '1', '0', '0', '0', '0', '0', '1', '0']	0.2
Walker Products 250-25005 5-Wire Wideband Sensor	HiCan you please tell me what are the colors of wires in this sensor?I want to know that so I can check if it fits my Nissan Sentra 2004 or not.	the wire colors are green, gray, and black.	2.6666666666666665	['2', '3', '3', '3', '2', '3', '2', '3', '2', '3']	2.6	['2', '2', '2', '2', '2', '3', '2', '2', '2', '3']	2.2	['2', '3', '3', '3', '3', '2', '2', '3', '2', '3']	2.6	['3', '3', '2', '2', '2', '3', '2', '2', '2', '2']	2.3
Crossfire Dual Tire Pressure Equalization System, 100 PSI, one per pkg. (CF100STABT)	how do I figure out what PSI rating I need	they need to come up with a tool for truck rims that have small access holes	1.0	['1', '1', '1', '1', '1', '1', '1', '1', '1', '1']	1.0	['1', '1', '1', '1', '1', '1', '1', '1', '1', '1']	1.0	['1', '1', '1', '1', '1', '1', '1', '1', '1', '1']	1.0	['1', '1', '1', '1', '1', '1', '1', '1', '1', '1']	1.0
NGK 2477 ZFR5FIX-11 Iridium IX Spark Plug (Pack of 1)	do I need to get a new set of spark plug wires? or can I use the existing ones? my wires are less than 50k old.	no need to get a new set of spark plug wires.	2.75	['2', '2', '2', '2', '2', '3', '3', '3', '2', '2']	2.3	['2', '2', '2', '2', '2', '2', '2', '2', '2', '2']	2.0	['2', '2', '2', '2', '2', '2', '2', '2', '2', '2']	2.0	['2', '2', '2', '2', '2', '2', '2', '2', '2', '2']	2.0
Hopkins 08525 Graduated Level	So, can these be mounted on the frame instead of the actual camper? What would be the downside if any?	the liquid inside will fade and turn clear making it harder to see	0.75	['1', '2', '1', '1', '1', '1', '2', '2', '1', '2']	1.4	['1', '1', '1', '1', '1', '1', '1', '1', '1', '1']	1.0	['1', '1', '1', '1', '1', '1', '1', '1', '1', '1']	1.0	['1', '1', '1', '1', '1', '1', '1', '1', '1', '1']	1.0
Basix Magic Shade Jumbo ( Styles may vary )	why should i get this version instead of the one piece Car Sunshade Jumbo (blue bimmer photo) version?	it is more reflective	1.75	['2', '2', '2', '2', '1', '1', '2', '2', '1', '2']	1.7	['2', '1', '2', '2', '2', '2', '2', '2', '2', '2']	1.9	['2', '2', '2', '2', '2', '2', '2', '2', '2', '2']	2.0	['2', '2', '2', '2', '2', '2', '2', '2', '2', '2']	2.0
Dorman 264-411 Oil Pan	Does it come with the drain plug?	Yes it does.	3.0	['3', '3', '3', '3', '2', '3', '2', '3', '2', '2']	2.6	['2', '2', '2', '2', '2', '2', '2', '2', '2', '2']	2.0	['3', '3', '3', '3', '3', '3', '3', '3', '3', '3']	3.0	['2', '3', '2', '3', '3', '3', '3', '3', '3', '3']	2.8
CTEK (56-353) MULTI US 7002 12-Volt Battery Charger	What do u think guys, CTEK or NOCO?	noco is not on par with CTEK	3.0	['2', '1', '2', '2', '2', '2', '1', '2', '1', '2']	1.7	['2', '2', '2', '2', '2', '2', '2', '2', '2', '2']	2.0	['2', '2', '2', '2', '2', '2', '2', '2', '2', '2']	2.0	['2', '2', '2', '2', '2', '2', '2', '2', '2', '2']	2.0
Kawell&reg; 10-30V 72W Led Spot Light Bar for Off-road Vehicle/ATVs/SUV/truck/engineering vehicles	Hello - does this light bar come with the wiring harness and switch?	Hi I receive the light bar with wiring but no switch	2.0	['2', '2', '2', '2', '2', '2', '2', '2', '2', '2']	2.0	['2', '2', '2', '2', '2', '2', '2', '2', '2', '2']	2.0	['2', '2', '2', '2', '2', '2', '2', '2', '2', '2']	2.0	['2', '2', '2', '2', '2', '2', '2', '2', '2', '2']	2.0
Dorman 742-250 Window Lift Motor	Can anyone tell me thegear motor shaft diameter? And does it look like the gear could be removed? I'm using this item for something for else.	it looks like the gear could be removed.	1.75	['2', '2', '1', '2', '2', '2', '1', '2', '2', '2']	1.8	['1', '2', '1', '2', '1', '2', '1', '2', '2', '2']	1.6	['2', '2', '2', '2', '2', '2', '2', '2', '2', '1']	1.9	['2', '2', '2', '2', '2', '2', '2', '2', '2', '2']	2.0
Explorer 2 SUV and Minivan Tent	Why is this tent better than just sleeping in the back of the SUV? I could understand if it covered the side windows or added some floor space . . .	it would have added some floor space.	1.0	['2', '2', '1', '1', '2', '2', '2', '1', '1', '1']	1.5	['2', '2', '2', '2', '2', '2', '2', '2', '2', '2']	2.0	['2', '2', '2', '2', '2', '2', '2', '2', '2', '2']	2.0	['2', '2', '2', '2', '2', '1', '2', '1', '2', '2']	1.8
Westin 27-6130 Brushed Aluminum Step Boards for Trucks and SUV's 79&quot;	what mounting kit for a 2007 ford sport trac	xenon xenon xenon xenon xen	0.75	['0', '0', '1', '1', '1', '1', '0', '1', '0', '1']	0.6	['1', '1', '1', '1', '1', '1', '1', '1', '1', '1']	1.0	['0', '1', '1', '0', '0', '0', '1', '1', '1', '1']	0.6	['0', '1', '0', '1', '0', '1', '1', '1', '0', '1']	0.6
BAKFlip G2 Hard Folding Truck Bed Tonneau Cover | 226506 | fits 2005-19 Nissan Frontier 5' bed	how resistant to the rain is it	it is very resistant	2.75	['3', '3', '3', '3', '2', '3', '2', '3', '3', '3']	2.8	['2', '2', '2', '2', '2', '2', '2', '2', '2', '2']	2.0	['3', '3', '3', '3', '3', '3', '3', '3', '3', '3']	3.0	['2', '3', '2', '3', '3', '3', '2', '2', '2', '3']	2.5
Access 16019 Original Roll-Up Tonneau Cover	what holds the cover when rolled up so you can drive with it open?	the rear wheel well	1.5	['2', '2', '2', '2', '2', '2', '2', '2', '2', '2']	2.0	['2', '2', '2', '2', '2', '2', '2', '2', '2', '2']	2.0	['2', '2', '2', '3', '3', '2', '3', '2', '2', '2']	2.3	['2', '2', '2', '2', '2', '2', '2', '2', '2', '2']	2.0
MaxMate Premium Custom Fit 1999-2017 Chevy Silverado/GMC Sierra Extended/Double Cab Stainless Steel 3&quot; Side Step Rails Nerf Bars Running Boards(2pcs with Mounting Bracket Kit)	Are these rocker mount bars?	No they bolt to the frame.	3.0	['1', '2', '2', '2', '2', '2', '2', '2', '2', '2']	1.9	['1', '2', '2', '1', '2', '2', '2', '1', '1', '2']	1.6	['2', '2', '1', '2', '1', '2', '2', '2', '1', '2']	1.7	['2', '2', '2', '2', '2', '2', '2', '2', '2', '2']	2.0
JR Products BS-1005 10mm Ball Stud	what tread do the have  ? wil they work in a volvo	treads on the rear of the volvo	1.0	['2', '1', '1', '2', '2', '2', '2', '1', '2', '2']	1.7	['2', '2', '2', '1', '2', '2', '2', '1', '2', '2']	1.8	['2', '1', '2', '2', '1', '2', '2', '1', '1', '2']	1.6	['2', '2', '2', '2', '2', '2', '2', '1', '2', '1']	1.8
TYC 2298 Chrysler PT Cruiser 1-Row Plastic Aluminum Replacement Radiator	for automatic transmission or for Standard Trans?	automatic transmission or standard trans?	1.3333333333333333	['1', '2', '2', '1', '1', '2', '1', '1', '1', '2']	1.4	['2', '2', '2', '2', '2', '2', '2', '2', '2', '2']	2.0	['1', '2', '1', '1', '1', '1', '2', '1', '1', '1']	1.2	['2', '2', '2', '2', '2', '2', '2', '2', '2', '2']	2.0
Bestop 51366-01 Black Crush Replace-A-Top Soft Top Clear Windows; No door skins included for 1999-2004 Chevrolet Tracker/Suzuki Sidekick	"I've seen soft tops made from vinyl & canvas. Exactly what is 'dual-layer fabric ""?"	it is a dual layer fabric.	1.6666666666666667	['2', '2', '2', '2', '2', '2', '2', '2', '2', '2']	2.0	['2', '2', '2', '2', '2', '2', '2', '2', '2', '2']	2.0	['2', '2', '2', '2', '2', '2', '2', '2', '2', '2']	2.0	['2', '2', '2', '2', '2', '2', '2', '2', '2', '2']	2.0
Obenauf's Heavy Duty LP Leather Conditioner Natural Oil Beeswax Formula (8oz)	Rubbed warmed up boots with the cloth saturated with Obenaufs. Repeated after 4 hours. Boots look matte and attract dirt, what did I do wrong?	I did not wipe it off.	0.3333333333333333	['2', '2', '1', '2', '2', '2', '2', '2', '2', '2']	1.9	['3', '3', '2', '3', '2', '2', '2', '2', '2', '2']	2.3	['3', '2', '2', '3', '2', '2', '2', '2', '2', '2']	2.2	['2', '2', '2', '2', '2', '2', '2', '2', '2', '2']	2.0
Auto Ventshade 94044 Original Ventvisor Side Window Deflector Dark Smoke, 4-Piece Set for 1999-2006 Silverado &amp; Sierra 1500, 2001-2004 Silverado &amp; Sierra 2500, 2001-2006 Silverado &amp; Sierra 2500HD &amp;3500 | Also fits 2007 HD Classic Models | Fits Trucks with Extended Cab	I need some clarification. The picture shows a 4 dr crew cab, but the description lists a 4 dr extended cab. Which is it?	the 4 dr crew cab is not on the product.	1.6666666666666667	['2', '1', '1', '1', '1', '1', '2', '1', '1', '2']	1.3	['2', '1', '2', '2', '2', '2', '2', '2', '1', '1']	1.7	['3', '2', '3', '2', '2', '3', '2', '3', '2', '2']	2.4	['2', '2', '2', '2', '2', '2', '2', '2', '2', '2']	2.0
California Car Duster 62442 Standard Car Duster with Wooden Handle	What's the difference between this duster and the more expensive but similar duster?	it is not a wooden handle it is a hard plastic.	1.3333333333333333	['1', '1', '1', '1', '1', '1', '1', '1', '1', '1']	1.0	['2', '1', '1', '2', '1', '1', '2', '1', '1', '1']	1.3	['1', '1', '1', '2', '2', '1', '1', '1', '2', '2']	1.4	['2', '1', '1', '2', '1', '1', '2', '1', '2', '2']	1.5
Actron CP9135 AutoScanner Diagnostic Code Scanner with On Screen Definitions for OBDII Vehicles	Why does it not work on my 2005 ford focus? It reads data link error	it reads data link error	0.6666666666666666	['2', '1', '2', '2', '2', '1', '1', '2', '2', '1']	1.6	['1', '1', '1', '1', '2', '1', '2', '1', '2', '1']	1.3	['1', '1', '1', '1', '1', '2', '1', '1', '2', '1']	1.2	['1', '1', '2', '2', '1', '1', '2', '1', '1', '1']	1.3
Wolo (BA-52) Back-Up Alarm - Beeping Sound	what is the size of the beeper unit ?	about the size of a fat lemon	1.6666666666666667	['1', '2', '2', '1', '1', '2', '1', '1', '2', '1']	1.4	['1', '1', '2', '2', '1', '1', '2', '1', '1', '1']	1.3	['1', '1', '1', '1', '1', '1', '1', '1', '1', '1']	1.0	['1', '1', '2', '2', '1', '2', '1', '1', '2', '2']	1.5
Nilight 10 Gauge 2 Pin Quick Disconnect Harness	Can it handle 30 Amps?	The paper is white and works quite well with fountain pens.	0.0	['1', '0', '1', '1', '0', '0', '1', '1', '1', '1']	0.7	['1', '1', '1', '1', '1', '1', '1', '1', '1', '1']	1.0	['0', '0', '0', '0', '0', '0', '0', '0', '0', '0']	0.0	['0', '0', '0', '0', '0', '0', '0', '0', '0', '0']	0.0
Flitz CA 03518-6 Blue Metal, Plastic and Fiberglass Polish Paste, 2.0 lbs. Quart Can	how well would it work on my motor cycle chrome?	it would work great on all chromes	3.0	['2', '2', '2', '2', '2', '2', '2', '2', '2', '2']	2.0	['2', '2', '2', '2', '2', '2', '2', '2', '2', '2']	2.0	['2', '3', '3', '3', '3', '3', '2', '2', '2', '2']	2.5	['2', '2', '2', '2', '2', '2', '2', '2', '2', '2']	2.0
MotoFab Lifts DR-2-2&quot; Front Leveling Lift Kit That Will Raise The Front Of Your Dodge Ram Pickup 2&quot;	Do I need to get an alignment done after install?	Unfortunately you do need to get an alignment done after install..	3.0	['3', '3', '2', '2', '3', '2', '2', '2', '2', '2']	2.3	['2', '2', '2', '2', '2', '2', '2', '2', '2', '2']	2.0	['3', '3', '3', '3', '2', '3', '3', '3', '2', '3']	2.8	['2', '2', '2', '2', '2', '2', '3', '2', '2', '2']	2.1
Keeper 05654 Bull Ring Anchor Point, Universal Fit, 1,000 lbs Break Strength, 2 Pack	"One picture shows ""Universal"", one shows ""Ford F250"" but the listing itself says Universal...which is it?"	universal for the ford f250	2.5	['2', '2', '2', '2', '2', '2', '2', '2', '2', '2']	2.0	['2', '2', '2', '2', '2', '2', '2', '2', '2', '2']	2.0	['2', '2', '2', '2', '2', '2', '2', '2', '2', '2']	2.0	['2', '2', '2', '2', '2', '2', '2', '2', '2', '2']	2.0
Cliplight Super Seal Premium Automotive Air Conditioning Stop Leak	What is the difference between this and other products, for example Interdynamics MRL-3 Super Seal Leak Sealer for R-134A? Other than the price.	it is not pressurized from the factory.	1.75	['2', '1', '2', '1', '1', '2', '2', '1', '1', '1']	1.4	['1', '2', '2', '2', '1', '2', '2', '2', '2', '1']	1.7	['2', '2', '2', '2', '1', '2', '2', '1', '1', '1']	1.6	['2', '2', '2', '2', '2', '1', '2', '2', '2', '1']	1.8
Meguiar's G12718 NXT Generation Tech Wax 2.0, 18 fl oz	How does this shine? I heard a carnauba was can shine more, especially on dark color cars.	it leaves a deep, rich shine	2.75	['2', '3', '2', '3', '2', '2', '2', '2', '2', '2']	2.2	['2', '2', '2', '2', '2', '2', '2', '2', '2', '2']	2.0	['2', '2', '2', '2', '2', '2', '2', '2', '2', '2']	2.0	['2', '2', '2', '2', '2', '2', '2', '2', '2', '2']	2.0
Bosch 13007 Oxygen Sensor, OE Fitment (Acura, Honda)	why does it say this part does not fit my caar	it says this part does not fit my caar	1.0	['1', '2', '1', '1', '2', '2', '1', '2', '1', '1']	1.4	['2', '2', '2', '2', '2', '2', '1', '2', '1', '2']	1.8	['1', '2', '1', '2', '1', '2', '2', '1', '1', '1']	1.4	['2', '2', '2', '2', '2', '2', '2', '2', '2', '2']	2.0
Mothers 10424 Reflections Leather Care - 24 oz.	Should I get this or Mothers Leather Cleaner? Former is cheaper with double size.	mother's is cheaper with double size.	1.0	['2', '1', '2', '1', '2', '2', '1', '2', '2', '2']	1.7	['2', '2', '2', '2', '2', '2', '2', '2', '2', '2']	2.0	['2', '2', '2', '2', '2', '2', '2', '2', '2', '2']	2.0	['2', '2', '2', '2', '2', '2', '2', '2', '2', '2']	2.0
ATX Series AX3981 Mojave Black Textured Wheel (16x8&quot;/6x139.7mm, 0mm offset)	The stock lug nuts from my 2000 Tundra wont work with these wheels. What lugs do I need to buy?	the stock lug nuts from my 2000 Tundra won't work with these wheels.	0.3333333333333333	['1', '1', '1', '1', '1', '1', '1', '1', '1', '1']	1.0	['2', '2', '2', '2', '1', '2', '1', '2', '2', '2']	1.8	['2', '1', '2', '2', '1', '1', '1', '2', '1', '2']	1.5	['2', '2', '2', '2', '2', '1', '1', '2', '1', '2']	1.7
KYB SM5091 - Mount Kit	where do they go on the car or replacement where?	on the existing shocks	0.6666666666666666	['2', '2', '2', '1', '2', '2', '2', '2', '2', '2']	1.9	['2', '2', '2', '2', '2', '2', '2', '2', '2', '2']	2.0	['2', '1', '2', '2', '2', '1', '2', '2', '2', '2']	1.8	['2', '2', '2', '2', '2', '2', '2', '2', '2', '2']	2.0
OrangeTag 5 Pieces 30cm 15 Leds SMD Waterproof Flexible Blue Light Strip Bar,car Light ...	Can you cut these to make less light?	Yes you can cut every three lights	3.0	['2', '2', '2', '2', '2', '2', '2', '2', '2', '2']	2.0	['2', '2', '2', '2', '2', '2', '2', '2', '2', '2']	2.0	['2', '2', '2', '2', '2', '3', '2', '2', '2', '2']	2.1	['2', '2', '2', '2', '2', '2', '2', '2', '2', '2']	2.0
Equus 8100 1-1/2&quot; Volt Triple Gauge Kit	what is the difference between the 8100 and 8200?	the 8100 is more expensive	1.3333333333333333	['2', '2', '2', '2', '2', '1', '2', '1', '1', '2']	1.7	['2', '2', '2', '2', '2', '2', '1', '1', '2', '2']	1.8	['1', '1', '2', '1', '1', '1', '2', '1', '2', '1']	1.3	['2', '2', '2', '2', '2', '2', '2', '2', '2', '2']	2.0
Covercraft PN007 Heavy-Duty ProNet Tailgate Net, Black - Pack of 1	what is the overall width and hight ? your dim. donot give this dim.	it is wide and hight	0.3333333333333333	['2', '1', '2', '1', '1', '2', '1', '1', '1', '1']	1.3	['2', '1', '1', '1', '1', '1', '1', '1', '2', '1']	1.2	['2', '1', '1', '1', '1', '1', '2', '1', '1', '1']	1.2	['2', '1', '1', '2', '1', '2', '2', '1', '1', '2']	1.5
Schumacher SSC-1500A-CA Ship 'N' Shore 15 Amp SpeedCharge Charger with Battery Clamps	The fan does not come on when connected, is it malfunctioning or does it only come on when it gets hot?	it is a turn off.	0.0	['1', '1', '1', '1', '1', '1', '1', '0', '1', '0']	0.8	['1', '1', '1', '1', '1', '1', '1', '1', '1', '1']	1.0	['1', '1', '1', '1', '1', '1', '1', '1', '1', '1']	1.0	['1', '1', '1', '1', '1', '1', '1', '1', '1', '1']	1.0
Optima Batteries 8004-003 34/78 RedTop Starting Battery	Red, yellow, blue, What is the difference? Also origin?	blue tops are marine batteries	2.6666666666666665	['2', '1', '2', '2', '2', '1', '2', '1', '1', '1']	1.5	['1', '2', '1', '2', '2', '1', '1', '1', '1', '2']	1.4	['1', '1', '1', '1', '1', '1', '1', '1', '1', '1']	1.0	['2', '1', '1', '1', '2', '2', '1', '1', '1', '1']	1.3
Meguiar's G7516 Endurance Tire Gel - 16 oz. &ndash; Premium Tire Gel for a Lasting Glossy Shine	can you ship to asia? i would like to buy 5 of this.	if it wasn't so messy.	0.0	['1', '1', '0', '0', '1', '1', '1', '0', '0', '0']	0.5	['1', '1', '1', '1', '1', '1', '1', '1', '1', '1']	1.0	['1', '0', '0', '0', '1', '1', '0', '0', '1', '1']	0.5	['1', '1', '1', '1', '1', '1', '0', '1', '1', '1']	0.9
MaxMate Premium Custom Fit 1999-2017 Chevy Silverado/GMC Sierra Extended/Double Cab Stainless Steel 3&quot; Side Step Rails Nerf Bars Running Boards(2pcs with Mounting Bracket Kit)	Are these one piece perside or two piece per side?	There is one tube per side	3.0	['1', '2', '2', '2', '1', '1', '1', '2', '2', '2']	1.6	['1', '2', '2', '2', '2', '2', '2', '2', '2', '1']	1.8	['1', '1', '1', '1', '1', '1', '1', '1', '1', '1']	1.0	['2', '1', '2', '2', '1', '2', '1', '2', '2', '2']	1.7
Meguiar's M21 Mirror Glaze Synthetic Sealant 2.0, 64 oz	would you recommend this product on a tractor that only gets hand washed once each year or do I need a cleaner/wax to clean rather than a sealer	no, I would not recommend this stuff. Can be used by hand if need be	2.6666666666666665	['2', '1', '2', '1', '2', '2', '1', '2', '1', '2']	1.6	['2', '2', '2', '2', '1', '1', '1', '1', '1', '2']	1.5	['2', '2', '2', '2', '2', '2', '2', '1', '1', '1']	1.7	['2', '2', '2', '2', '2', '2', '2', '2', '2', '2']	2.0
Pilot Automotive PM-2104 44 Magnum Six Shooter Shift Knob w Secret Storage Compartment, Manual / Automatic Transmission	what is the diameter and length of the cylinder itself ? Thanks.	it is a 1.8 liter cylinder.	1.3333333333333333	['2', '2', '2', '2', '2', '2', '2', '2', '2', '2']	2.0	['2', '2', '2', '2', '2', '2', '2', '2', '2', '2']	2.0	['2', '1', '1', '2', '1', '1', '2', '1', '2', '1']	1.4	['2', '2', '2', '2', '2', '2', '2', '2', '2', '2']	2.0
Meguiar's Last Touch Spray Detailer &ndash; Give Your Car a Flawless Showroom Shine &ndash; D15501, 1 Gallon	How does it work with black vehicles?	it works great on the black paint too.	2.333333333333333	['2', '2', '2', '2', '2', '2', '3', '2', '2', '2']	2.1	['2', '2', '2', '2', '2', '2', '2', '2', '2', '2']	2.0	['2', '2', '2', '2', '2', '2', '2', '2', '2', '2']	2.0	['2', '2', '2', '2', '2', '2', '2', '2', '2', '2']	2.0
Hypertech 32501 Max Energy Power Programmer	Does this unit plug into the cars OBD port?	Yes. Plugs it in. For all vehicles.	2.75	['2', '2', '3', '3', '2', '2', '3', '2', '2', '2']	2.3	['2', '2', '2', '2', '2', '2', '2', '2', '2', '2']	2.0	['3', '3', '2', '3', '3', '3', '3', '3', '3', '3']	2.9	['2', '2', '3', '2', '2', '2', '3', '3', '2', '2']	2.3
Omix-Ada 17232.01 Turn Signal Switch	i bought this switch, cant get the turn signals to work, running led lights in the rear?? stumped? ?	no idea what to do	0.75	['1', '1', '1', '1', '1', '1', '1', '1', '1', '1']	1.0	['1', '1', '1', '1', '1', '1', '1', '2', '2', '1']	1.2	['2', '2', '2', '2', '1', '2', '2', '1', '1', '1']	1.6	['2', '1', '1', '2', '1', '1', '1', '2', '1', '1']	1.3
PIAA 94070 Silicone Wiper Blade Refill, 28&quot; (Pack of 1)	"I am planning to use your 28"" refill on my Motorcoach, but the product size list 23.8 "". how to you squeeze a 28"" blade into a 23.8 package?"	"how to squeeze a 28"" blade into a 23.8 package?"	1.0	['1', '0', '1', '1', '0', '1', '1', '1', '1', '0']	0.7	['1', '1', '1', '1', '1', '1', '2', '1', '1', '1']	1.1	['1', '1', '1', '1', '1', '2', '1', '1', '1', '1']	1.1	['2', '2', '2', '2', '3', '2', '2', '2', '3', '2']	2.2
Hopkins 47575 Multi-Tow Adapter	What's the difference in the Hopkins 47575 & Hopkins 47565?	the 47565 has a longer life and the 47575 has a shorter life	1.75	['2', '2', '2', '2', '2', '2', '2', '2', '2', '2']	2.0	['2', '2', '2', '2', '2', '2', '2', '2', '2', '2']	2.0	['2', '2', '2', '2', '2', '2', '2', '2', '2', '2']	2.0	['2', '2', '2', '2', '2', '2', '2', '2', '2', '2']	2.0
Cruiser Accessories 30650 Perimeter License Plate Frame, Black	Are the mounting screws hidden from view or are the screws mounted over the license plate?	the screws are hidden from view	1.25	['2', '2', '2', '2', '2', '3', '3', '3', '2', '2']	2.3	['2', '2', '2', '2', '2', '2', '2', '2', '2', '2']	2.0	['2', '2', '2', '2', '2', '2', '3', '2', '3', '2']	2.2	['3', '2', '3', '3', '2', '2', '3', '3', '2', '3']	2.6
Centric 120.40036 Premium Brake Rotor	1 order come with 1 pair of rotors or just 1 rotor? Help,any one ? THX	1 order come with 1 pair of rotors or 1 order come with 1 rot	1.0	['2', '2', '2', '2', '2', '2', '2', '2', '2', '2']	2.0	['2', '2', '2', '2', '2', '2', '2', '2', '2', '2']	2.0	['2', '2', '3', '2', '3', '2', '2', '2', '2', '2']	2.2	['2', '2', '2', '2', '2', '2', '2', '2', '2', '2']	2.0
Schumacher SE-1275A 2/12/75 Amp Automatic Onboard Battery Charger	Why are they calling this an onboard charger?	it's a small charger.	0.75	['1', '2', '1', '2', '2', '2', '2', '1', '2', '2']	1.7	['1', '1', '1', '1', '1', '2', '1', '1', '1', '1']	1.1	['1', '1', '1', '1', '1', '1', '1', '1', '1', '1']	1.0	['2', '2', '2', '2', '2', '2', '2', '2', '2', '2']	2.0
STA-BIL 22214 Fuel Stabilizer (32 oz.), 32. Fluid_Ounces	how do you use the sta bill dispenser to get two ounces in the stem	you use the dispenser to get two ounces in the stem.	1.25	['2', '3', '3', '2', '2', '2', '2', '2', '3', '2']	2.3	['2', '2', '2', '2', '2', '2', '2', '2', '2', '2']	2.0	['3', '3', '2', '3', '3', '3', '3', '2', '2', '3']	2.7	['2', '2', '2', '3', '2', '2', '2', '2', '3', '2']	2.2
Battery Saver 2365-36 36V 50W Quick Charger and Auto Pulse Maintainer	Will this charge a battery bank in a Black and Decker mower consisting of 3 12v, 10 amp batteries set up to provide 36 v at 10 amp?	vertical badges (4.50in x 2.75in), horizontal badges (3.25in x 3.95in)	0.5	['0', '0', '0', '0', '0', '0', '0', '0', '0', '0']	0.0	['1', '1', '1', '0', '0', '1', '1', '1', '1', '1']	0.8	['0', '0', '0', '0', '0', '0', '0', '0', '0', '0']	0.0	['0', '0', '0', '0', '0', '0', '0', '0', '1', '0']	0.1
HELLA 003427291 Vision Plus 190x132mm High/Low Beam 12V Halogen Conversion Headlamp (HB2)	"with this kit, do you have to buy the package deal under ""frequently bought together"" or can i just buy 2 of the kits since they come solo?"	you need to buy 2 of the kits since they come as a set.	2.75	['3', '3', '3', '3', '3', '3', '3', '3', '3', '2']	2.9	['3', '3', '1', '2', '3', '3', '2', '3', '1', '2']	2.3	['3', '3', '2', '3', '3', '2', '3', '3', '3', '3']	2.8	['3', '3', '3', '3', '3', '3', '3', '3', '3', '3']	3.0
B00005AXI6	how does it work and how is it mounted ?	it works and helps in parking cars in garage	1.0	['1', '1', '1', '1', '1', '2', '2', '1', '2', '1']	1.3	['1', '1', '2', '1', '1', '1', '1', '1', '2', '2']	1.3	['1', '1', '1', '1', '1', '1', '1', '1', '1', '1']	1.0	['1', '1', '1', '1', '1', '1', '1', '1', '1', '1']	1.0
"Bosch Evolution 4822 Wiper Blade - 22"" (Pack of 1)"	How are these in snow and ice?	very durable and no place for snow and ice to build up.	2.25	['3', '2', '2', '2', '2', '2', '2', '2', '2', '2']	2.1	['2', '2', '2', '2', '2', '2', '2', '2', '2', '2']	2.0	['2', '3', '2', '2', '2', '2', '3', '2', '2', '2']	2.2	['2', '2', '2', '2', '2', '2', '2', '2', '2', '2']	2.0
Thetford Aqua-Magic V RV Toilet Hand Flush/High Profile/White - 31646	the description says this is a low toilet but the dimensions that are given seem to be that of a high profile. Which is it?	the high model is 17 inches tall.	1.75	['2', '2', '2', '2', '2', '2', '2', '1', '1', '2']	1.8	['2', '2', '1', '2', '2', '2', '2', '2', '2', '2']	1.9	['2', '2', '2', '2', '2', '2', '2', '2', '1', '1']	1.8	['2', '2', '2', '2', '2', '2', '2', '2', '2', '2']	2.0
CIPA 11960 Premium Universal Towing Mirror (Black)	Are replacement adjustment posts or the rubber grommets that attach to them available separately?	rubber grommets that attach to them are available separately.	2.25	['2', '2', '2', '2', '2', '2', '2', '2', '2', '2']	2.0	['2', '2', '2', '2', '2', '2', '2', '2', '2', '2']	2.0	['2', '2', '2', '2', '2', '2', '2', '2', '2', '2']	2.0	['2', '2', '2', '2', '2', '2', '2', '2', '2', '2']	2.0
Drivers Rear Power Window Lift Regulator Repair Kit Replacement for Jeep SUV 68059647AA	Does this fit a 2002 Jeep Liberty rear passenger side? I don't see that here...	Yes it does I just installed it on my jeep liberty	3.0	['1', '1', '3', '1', '1', '2', '2', '2', '2', '1']	1.6	['1', '1', '2', '1', '1', '1', '1', '1', '2', '1']	1.2	['2', '2', '3', '2', '3', '2', '2', '2', '2', '3']	2.3	['3', '3', '2', '2', '3', '2', '2', '2', '2', '2']	2.3
"Milton (S-516) Straight Foot Chuck Tire Inflator Gauge - 15"" Hose, Lock-On Threads"	What is the difference between the S-516 and 516 model?	the 2 ft model is more durable and the 516 model is more expensive.	1.75	['2', '2', '1', '3', '3', '2', '2', '2', '2', '2']	2.1	['2', '2', '1', '2', '2', '2', '1', '2', '2', '2']	1.8	['2', '2', '2', '2', '2', '2', '2', '2', '2', '2']	2.0	['2', '2', '2', '2', '3', '2', '2', '2', '2', '2']	2.1
Air Power America 2000LV LiquiVac Oil Changing System for Large Engine	How do I empty out the oil from the unit?	take it to the auto store	1.25	['1', '1', '1', '0', '1', '1', '1', '1', '0', '1']	0.8	['1', '1', '1', '1', '1', '1', '1', '1', '1', '1']	1.0	['1', '1', '1', '1', '1', '1', '1', '1', '1', '1']	1.0	['1', '0', '1', '1', '1', '0', '1', '1', '1', '1']	0.8
CSF RADIATOR 91-01 Jeep Cherokee (HD)	Hello,OEM replacement fit, but several folks comment that the stock radiator cap won't work...? Please, anybody know which cap does work...?	the stock radiator cap does work.	2.75	['2', '2', '2', '2', '2', '2', '2', '2', '2', '2']	2.0	['2', '2', '2', '2', '2', '2', '2', '2', '2', '2']	2.0	['3', '2', '2', '2', '3', '3', '2', '2', '3', '2']	2.4	['2', '2', '2', '2', '2', '2', '2', '2', '2', '2']	2.0
Meguiar's G7016 Gold Class Carnauba Plus Premium Liquid Wax - 16 oz.	How long does it take to cure?	it takes about an hour.	2.0	['3', '3', '3', '3', '3', '2', '3', '2', '2', '2']	2.6	['2', '2', '2', '2', '2', '2', '2', '2', '2', '2']	2.0	['2', '3', '3', '3', '3', '3', '3', '3', '3', '2']	2.8	['2', '2', '2', '2', '2', '2', '2', '2', '2', '2']	2.0
Black Widow AFL-9012-2 Dual Runner ATV Ramp &ndash; Finger-Style Lip Rung Surface, 2 Pack	How do the straps secure the ramps to the truck?	they hold them in place	1.6666666666666667	['2', '2', '2', '2', '2', '2', '2', '2', '2', '2']	2.0	['2', '2', '2', '2', '2', '2', '2', '2', '2', '2']	2.0	['2', '2', '2', '2', '2', '2', '2', '2', '2', '2']	2.0	['2', '2', '2', '2', '2', '2', '2', '2', '2', '2']	2.0
iClever 800A Peak 18000mAh Portable Jump Starter (up to 6.5L Gas Or 5.3L Diesel Engine) Auto Battery Booster, Portable Power Pack with LED Flashlight, Compass	How long should the jump starter stay connected to the weak or dead battery ?	It is not supposed to be connected for more than 30 seconds. It does not recharge the battery, it starts the car.	3.0	['2', '2', '3', '2', '2', '3', '2', '3', '3', '3']	2.5	['2', '2', '2', '2', '2', '2', '2', '2', '2', '2']	2.0	['2', '2', '2', '2', '2', '2', '2', '3', '2', '2']	2.1	['2', '2', '2', '2', '2', '2', '2', '2', '2', '2']	2.0
ACDelco 214-1091 GM Original Equipment Vapor Canister Vent Valve	how is the hose released	with a push button	1.3333333333333333	['2', '3', '2', '2', '3', '2', '2', '2', '2', '3']	2.3	['2', '2', '2', '2', '2', '2', '2', '2', '2', '2']	2.0	['3', '2', '3', '2', '3', '3', '3', '2', '3', '2']	2.6	['3', '2', '2', '3', '2', '2', '2', '2', '2', '2']	2.2
Rightline Gear 100S10 Sport 1 Car Top Carrier, 12 cu ft, Waterproof, Attaches With or Without Roof Rack	How much will bag hold?	more than I taught it would hold	2.0	['2', '1', '2', '2', '2', '1', '2', '2', '1', '1']	1.6	['1', '1', '1', '1', '2', '1', '1', '1', '1', '2']	1.2	['1', '1', '1', '1', '1', '1', '1', '1', '1', '1']	1.0	['2', '2', '2', '2', '2', '2', '2', '2', '2', '2']	2.0
K&amp;N 33-2129 High Performance Replacement Air Filter for 1999-2017 Chevy/GMC Truck V6/V8	"This filter doesn't fit , my filter is a 2011 chevrolet 5.3 4x4 and measures 12"" Ã— 10"", whats going on."	no improvement in power or mileage	0.3333333333333333	['1', '2', '1', '0', '1', '1', '1', '2', '1', '0']	1.0	['1', '2', '2', '2', '1', '2', '2', '2', '2', '2']	1.8	['1', '2', '2', '1', '2', '1', '2', '2', '2', '2']	1.7	['0', '0', '1', '0', '2', '1', '2', '0', '1', '1']	0.8
Rightline Gear 100B90 Cargo Saddlebag	Does it scratch the paint or windows? Sounds like it would meet my needs, but I just bought a new car and don't want to damage the paint.	it does scratch the paint on the windows and doors.	2.333333333333333	['3', '3', '3', '3', '3', '3', '2', '3', '3', '3']	2.9	['2', '2', '2', '2', '3', '3', '3', '2', '3', '2']	2.4	['3', '3', '3', '3', '3', '3', '3', '3', '3', '3']	3.0	['2', '3', '2', '3', '3', '3', '2', '3', '3', '3']	2.7
Curt Manufacturing 13534 Trailer Hitch	The description says that it weighs 8 ounces... This is a misprint right? Just want to make sure I'm actually getting a hitch...	All I can say is that mine had blue/yellow.	1.0	['0', '1', '1', '1', '1', '1', '1', '0', '1', '1']	0.8	['1', '1', '1', '1', '1', '1', '1', '1', '1', '1']	1.0	['1', '1', '1', '1', '1', '1', '1', '1', '1', '1']	1.0	['1', '1', '1', '1', '1', '1', '1', '1', '1', '1']	1.0
Highland (0700100) Ramparts 8&quot; Aluminum Ramp Top Kit - 2 Piece	What's the difference between this and the 0700500 series?	the 0700500 series is a bit more expensive	1.3333333333333333	['2', '1', '2', '1', '2', '1', '1', '1', '2', '1']	1.4	['1', '1', '1', '2', '2', '2', '1', '1', '2', '1']	1.4	['1', '2', '1', '2', '1', '1', '1', '1', '2', '2']	1.4	['2', '2', '2', '2', '2', '2', '2', '1', '1', '2']	1.8
Permatex 81878  Ultra Copper Maximum Temperature RTV Silicone Gasket Maker, 3 oz. Tube	How well does this clean? I need to use it to create a temporary extension to my generator's exhaust, but once done, remove and clean it off.	it cleans very well.	2.333333333333333	['2', '2', '2', '2', '2', '2', '2', '3', '2', '3']	2.2	['2', '2', '2', '2', '2', '2', '2', '2', '2', '2']	2.0	['2', '2', '2', '2', '2', '2', '2', '2', '2', '2']	2.0	['2', '2', '2', '2', '2', '2', '2', '2', '2', '2']	2.0
OTC 6494 Clamshell Strut Spring Compressor	How does the 6583 bridge accessory connect to the 6494 clashell unit?	the 6583 bridge accessory connects to the 6494 clashell unit.	1.0	['3', '2', '2', '3', '3', '3', '2', '3', '3', '2']	2.6	['2', '3', '2', '2', '2', '2', '2', '2', '2', '3']	2.2	['3', '3', '2', '3', '3', '3', '3', '2', '2', '2']	2.6	['3', '2', '3', '3', '2', '3', '3', '3', '2', '3']	2.7
Optilux 1450 12-Volt/55-Watt Rectangular Clear Halogen Fog Lamp Kit	it fits on my gmc yukon	it works as intended	0.6666666666666666	['1', '1', '1', '2', '2', '2', '1', '2', '2', '2']	1.6	['2', '2', '2', '2', '2', '2', '2', '2', '2', '2']	2.0	['1', '1', '1', '1', '1', '1', '1', '1', '1', '1']	1.0	['2', '2', '2', '2', '2', '2', '2', '2', '2', '2']	2.0
Monroe 37083 OESpectrum Truck Shock Absorber	How does this and the Magnum Steering Damper relate? Are they substitute/interchangeable products or complementary? I saw that people buying both	they are complementary products.	1.6666666666666667	['2', '2', '2', '2', '2', '2', '2', '2', '2', '2']	2.0	['2', '2', '2', '2', '2', '2', '2', '2', '2', '2']	2.0	['2', '2', '2', '2', '2', '2', '2', '2', '2', '2']	2.0	['2', '2', '2', '2', '2', '2', '2', '2', '2', '2']	2.0
Accutire MS-4350B Setpoint Tire Gauge	How does it charge, battery?	it's holding charge very well.	0.3333333333333333	['2', '2', '2', '2', '2', '2', '2', '2', '2', '2']	2.0	['2', '1', '2', '2', '2', '2', '1', '2', '2', '2']	1.8	['1', '1', '1', '1', '1', '1', '1', '1', '1', '1']	1.0	['2', '2', '2', '2', '2', '2', '2', '2', '2', '2']	2.0
LED Light Bar Nilight 2PCS 5Inch 72W Flood Double Row Flood Led Bar 10800Lumens Driving Lights Fog Lights Led Off Road Lights for Trucks Jeep ATV UTV SUV Boat Marine,2 Years Warranty	Is it possible to move the bracket so that the mounting bolt is parallel to the ground, and the light  still facing forward?	You can scan an image on the printer and any PC on your network can access that image.	0.3333333333333333	['0', '0', '1', '0', '0', '0', '1', '0', '0', '0']	0.2	['1', '1', '0', '1', '0', '1', '1', '1', '1', '1']	0.8	['1', '1', '1', '1', '1', '1', '1', '0', '1', '0']	0.8	['0', '0', '0', '0', '0', '1', '1', '1', '0', '0']	0.3
Smittybilt 7686 Entry Guard for 1997-2006 Jeep Wrangler TJ/LJ, Black, Pair	what is the purpose of this 'door guard'? where does it install?	it protects the sill	2.25	['2', '2', '2', '2', '2', '2', '2', '2', '1', '2']	1.9	['2', '2', '2', '2', '2', '2', '2', '2', '2', '2']	2.0	['2', '1', '2', '1', '1', '2', '1', '1', '1', '1']	1.3	['2', '2', '2', '2', '2', '2', '2', '2', '2', '2']	2.0
Dee Zee DZ43300 Truck Tailgate Assist	Install went smoothly, but it's not quite as slow as I expected, is there any sort of adjustment that can be done once installed?	There is no adjustment.	3.0	['1', '1', '2', '1', '2', '1', '2', '1', '2', '1']	1.4	['1', '1', '1', '1', '1', '1', '2', '1', '2', '2']	1.3	['2', '1', '1', '1', '1', '1', '1', '1', '1', '1']	1.1	['1', '2', '2', '1', '2', '2', '1', '2', '2', '1']	1.6
Wolo (419) Bad Boy Air Horn - 12 Volt	I hooked up the wolo horn but it only vibrates. what could be the problem?	it could be louder.	1.5	['1', '1', '1', '1', '1', '1', '2', '1', '1', '1']	1.1	['1', '1', '1', '1', '1', '1', '1', '1', '1', '1']	1.0	['1', '1', '1', '1', '1', '1', '1', '1', '1', '1']	1.0	['1', '1', '2', '1', '1', '1', '1', '1', '1', '2']	1.2
Hopkins EMIC-BLA Go Gear Euro Mini Console, (Black)	How sturdy are the adjustable cup holders? Would they work for larger drinks or do they bend/bow easily?	sturdy for larger drinks	2.5	['2', '2', '2', '2', '2', '2', '2', '2', '2', '2']	2.0	['2', '2', '2', '2', '2', '2', '2', '2', '2', '2']	2.0	['2', '2', '2', '2', '2', '2', '2', '2', '2', '2']	2.0	['2', '2', '2', '2', '2', '2', '2', '2', '2', '2']	2.0
Bosch 13007 Oxygen Sensor, OE Fitment (Acura, Honda)	is this part for upper or lower	upper or lower o2 sensors	1.75	['2', '2', '3', '3', '2', '2', '3', '3', '3', '3']	2.6	['1', '2', '2', '2', '2', '2', '2', '2', '1', '2']	1.8	['2', '2', '3', '2', '3', '3', '2', '2', '2', '2']	2.3	['2', '2', '3', '3', '2', '3', '3', '3', '2', '3']	2.6
7.5 x 14 G-Floor 55 Mill Ribbed Garage Floor Mat	will the mat move or is it held in place with an adhesive	it is held in place with an adhesive	1.75	['2', '2', '3', '2', '3', '2', '2', '3', '2', '2']	2.3	['2', '2', '2', '2', '2', '2', '2', '2', '2', '2']	2.0	['3', '3', '3', '3', '3', '3', '3', '3', '3', '3']	3.0	['2', '2', '3', '3', '3', '2', '3', '2', '3', '3']	2.6
"TruXedo Lo Pro Soft Roll-up Truck Bed Tonneau Cover | 520601 | fits 05-16 Honda Ridgeline 4'8"" Bed"	velcro on tonneau doesnt hold sides down doesnt seem to stick any more	it doesn't seem to hold sides down	0.3333333333333333	['2', '2', '2', '2', '2', '2', '2', '2', '2', '2']	2.0	['2', '2', '2', '2', '2', '2', '2', '2', '2', '2']	2.0	['2', '2', '2', '2', '2', '2', '2', '2', '2', '2']	2.0	['2', '2', '2', '2', '2', '2', '2', '2', '2', '2']	2.0
Auto Ventshade 92956 Original Ventvisor Side Window Deflector Dark Smoke, 2-Piece Set for Standard Cab 1999-2007 Silverado 1500, 1999-2004 Silverado 2500, 2001-2004 Sierra 2500, 2001-2006 Silverado &amp; Sierra 3500, 2001-2006 Silverado 2500HD &amp; Classic, 2001-2006 Sierra 2500HD | Also fits 1999-2007 Sierra with Extended Cab	How can I find rain guards that fit older cars (like 2004 honda)?	they are 99 and up	0.3333333333333333	['1', '2', '1', '1', '1', '1', '2', '1', '1', '1']	1.2	['1', '1', '1', '1', '1', '1', '2', '1', '1', '1']	1.1	['1', '1', '1', '1', '1', '1', '1', '1', '1', '1']	1.0	['1', '1', '2', '2', '2', '2', '1', '1', '1', '1']	1.4
Bully CR-600 Chrome Series Heavy-Duty Truck SUV Hitch Step	From what I'm seeing, this hitch does not come with it's own hitch pin... True?	it does not come with a lock-bolt.	1.6666666666666667	['2', '1', '2', '2', '2', '2', '2', '2', '2', '2']	1.9	['2', '2', '2', '1', '1', '2', '2', '2', '2', '2']	1.8	['2', '2', '2', '2', '1', '2', '2', '1', '2', '2']	1.8	['2', '2', '2', '2', '2', '2', '2', '2', '2', '2']	2.0
Dowco Iron Rider 50130-00 Water Resistant Reflective Magnetic Mount Motorcycle Tank Bag With Window: Black, Universal Fit, 7 Liter Capacity	I have a leather tank cover on my bike, are the magnets strong enough to hold through that?	Yes. I installed this in Win 8.1 PC.	1.0	['0', '0', '0', '0', '0', '0', '0', '0', '0', '0']	0.0	['0', '1', '1', '1', '1', '1', '1', '1', '1', '1']	0.9	['0', '0', '0', '0', '0', '0', '0', '0', '0', '0']	0.0	['0', '0', '0', '0', '0', '0', '0', '0', '0', '0']	0.0
Accutire MS-4021B Digital Tire Pressure Gauge	"How Do We Find Out the Proper Tire Pressure? An article on ehow is telling me that ""The MAXIMUM COLD TIRE PRESSURE stamped on a tire's sidewall IS NOT THE CORRECT TIRE PRESSURE for your vehicle"", while other sources make no note of this fact. Do we look at the"	how accurate would the placard sticker be?	0.3333333333333333	['2', '2', '2', '1', '2', '1', '2', '2', '2', '2']	1.8	['2', '2', '2', '2', '2', '2', '2', '2', '2', '2']	2.0	['2', '2', '2', '2', '2', '2', '2', '2', '2', '2']	2.0	['2', '2', '2', '2', '2', '2', '2', '2', '2', '2']	2.0
Monroe 37241 OESpectrum Truck Shock Absorber	Dear which is the difference between Strut 37241 and 37242?	there is only one strut included in your purchase.	0.3333333333333333	['1', '1', '1', '1', '1', '2', '2', '1', '2', '1']	1.3	['1', '1', '1', '1', '1', '1', '1', '1', '1', '1']	1.0	['1', '1', '1', '1', '1', '1', '1', '1', '1', '1']	1.0	['1', '2', '1', '1', '1', '2', '2', '1', '1', '2']	1.4
MERCRUISER EXHAUST MANIFOLD 5.0L &amp; 5.7L (CAST IRON) | GLM Part Number: 51230; Mercury Part Number: 860246Q11	Is manifold compatible with boats used in salt water?	Yes, I have them on my boat.	2.333333333333333	['2', '2', '2', '1', '1', '1', '1', '1', '1', '1']	1.3	['2', '1', '2', '1', '2', '1', '1', '2', '1', '1']	1.4	['1', '1', '1', '1', '1', '1', '1', '1', '1', '1']	1.0	['2', '1', '1', '1', '2', '2', '1', '2', '2', '2']	1.6
Lisle 75500 Combustion Leak Detector	what pump can i use with it ? can you give me the picture of the pump , thank you	i need a picture of the pump, thank you	0.6666666666666666	['1', '1', '1', '1', '1', '1', '0', '1', '0', '1']	0.8	['1', '1', '1', '1', '1', '1', '1', '1', '1', '1']	1.0	['1', '1', '1', '1', '1', '1', '1', '1', '1', '1']	1.0	['1', '1', '1', '1', '1', '1', '1', '1', '1', '1']	1.0
Purolator PL14459 PurolatorONE Oil Filter	why is the oil getting very dirty after a few hundred miles?	it is a quart low.	0.3333333333333333	['1', '1', '1', '1', '1', '1', '1', '1', '1', '1']	1.0	['1', '1', '1', '1', '1', '1', '1', '1', '1', '1']	1.0	['1', '1', '1', '1', '1', '1', '1', '1', '1', '1']	1.0	['1', '1', '1', '1', '1', '1', '1', '1', '1', '1']	1.0
Highland (1100500) Ramparts 12&quot; Aluminum Ramp Top and Bottom Kit - 4 Piece	"what is the difference in the 110500  8""  and the 0700500 ?"	"the 110500 8"" is wider"	3.0	['2', '2', '2', '2', '2', '2', '2', '2', '2', '2']	2.0	['2', '2', '2', '2', '2', '2', '2', '2', '2', '2']	2.0	['2', '2', '2', '2', '2', '2', '2', '2', '2', '2']	2.0	['2', '2', '2', '2', '2', '2', '2', '2', '2', '2']	2.0
Wolo (BA-97) Pro-Tec Heavy-Duty Back-Up Alarm	What is the warranty on this?	it is a limited warranty.	2.75	['2', '2', '2', '2', '2', '2', '2', '2', '2', '2']	2.0	['2', '2', '2', '2', '2', '2', '2', '2', '2', '2']	2.0	['2', '3', '2', '2', '2', '2', '2', '2', '3', '2']	2.2	['2', '2', '2', '2', '2', '2', '2', '2', '2', '2']	2.0
BAKFlip G2 Hard Folding Truck Bed Tonneau Cover | 226506 | fits 2005-19 Nissan Frontier 5' bed	How much weight can it hold. I've seen some pictures where a 4 wheeler is sitting on it.	it can hold a lot of weight.	2.5	['2', '2', '2', '2', '2', '2', '2', '2', '2', '2']	2.0	['2', '2', '2', '2', '2', '2', '2', '2', '2', '2']	2.0	['2', '2', '2', '2', '2', '2', '2', '2', '2', '2']	2.0	['2', '2', '2', '2', '2', '2', '2', '2', '2', '2']	2.0
Dorman 742-142 Window Lift Motor	Dormanproducts.com specifies which model is for the front left or front right, but is my driver side right or left?	"Avery says ""weatherproof"", not ""waterproof"".They don't absorb water, so don't have a wrinkle problem."	0.75	['1', '1', '1', '1', '1', '2', '1', '2', '1', '1']	1.2	['1', '1', '1', '1', '1', '1', '1', '1', '1', '1']	1.0	['1', '1', '1', '1', '1', '1', '1', '1', '1', '1']	1.0	['1', '1', '1', '1', '1', '1', '1', '1', '1', '1']	1.0
Basix Magic Shade Super Jumbo Sunshade (Styles May Vary)	Is this a see through design (silver on both sides), or does it have a black backing on the one side to it to further block the light?	it is a see through design (silver on both sides), and black backing on	3.0	['2', '3', '2', '2', '2', '3', '2', '2', '2', '3']	2.3	['2', '2', '2', '2', '2', '2', '2', '2', '2', '2']	2.0	['2', '2', '2', '2', '2', '2', '2', '2', '2', '2']	2.0	['3', '2', '2', '2', '3', '2', '3', '3', '2', '2']	2.4
Gila Xtreme Limo Black 2.5% VLT Automotive Window Tint DIY Glare Control UV Blocking 24in x 78in (2ft x 6.5ft)	I am confused about the size.	it is too small	2.0	['2', '2', '2', '2', '2', '2', '2', '2', '2', '2']	2.0	['1', '1', '1', '2', '2', '2', '2', '1', '2', '2']	1.6	['2', '1', '2', '2', '1', '1', '2', '2', '2', '2']	1.7	['2', '2', '2', '2', '2', '2', '2', '2', '2', '2']	2.0
Custom Accessories 71121 2&quot; Blind Spot Mirror, (Twin Pack)	Are these very convex or mostly a flat mirror mounted at an angle? In other words, do objects appear very small or similar to regular mirrors? Thanks	objects appear far away	3.0	['1', '2', '1', '1', '2', '2', '1', '2', '1', '2']	1.5	['2', '2', '2', '2', '2', '2', '2', '2', '2', '2']	2.0	['2', '2', '2', '2', '2', '2', '2', '2', '2', '2']	2.0	['2', '2', '2', '2', '2', '2', '2', '2', '2', '2']	2.0
Flowtech 50052FLT Raptor Turbo Performance Muffler	which end is the front and which is the back or does it matter	flared part in back	1.3333333333333333	['2', '2', '2', '1', '2', '1', '1', '2', '1', '2']	1.6	['2', '2', '2', '2', '2', '2', '2', '2', '2', '2']	2.0	['1', '2', '1', '2', '2', '1', '1', '1', '2', '2']	1.5	['2', '2', '2', '2', '2', '2', '2', '2', '2', '2']	2.0
Actron CP9125 C PocketScan Code Reader	Difficulty unplugging Data Link Connector Is there a trick to unplugging this unit when done? It is difficult to unplug due to a tab on the car's connector that locks the plug in place.	it is difficult to unplug due to a tab on the car's connector that	2.0	['3', '3', '3', '3', '3', '3', '3', '3', '3', '3']	3.0	['2', '2', '2', '2', '2', '2', '2', '2', '2', '2']	2.0	['2', '2', '2', '3', '2', '2', '2', '2', '2', '3']	2.2	['3', '3', '3', '2', '3', '3', '3', '3', '3', '3']	2.9
iClever 800A Peak 18000mAh Portable Jump Starter (up to 6.5L Gas Or 5.3L Diesel Engine) Auto Battery Booster, Portable Power Pack with LED Flashlight, Compass	whats included in the box for the mpower jump	The jump box and charger	3.0	['2', '2', '2', '2', '2', '2', '2', '2', '2', '2']	2.0	['2', '2', '2', '2', '2', '2', '2', '2', '2', '2']	2.0	['2', '2', '2', '3', '2', '2', '2', '2', '2', '2']	2.1	['2', '2', '2', '2', '2', '2', '2', '2', '2', '2']	2.0
Auto Ventshade 94423 Original Ventvisor Side Window Deflector Dark Smoke, 4-Piece Set for 1999-2011 Ford Ranger w/Fixed Window, 1999-2008 B3000, 1999-2010 B4000 with Extended Cab	How do you install these?	remove the 3m tape	1.6666666666666667	['2', '2', '2', '2', '2', '2', '2', '2', '2', '2']	2.0	['2', '2', '2', '2', '2', '2', '2', '2', '2', '2']	2.0	['2', '2', '1', '3', '2', '2', '2', '2', '2', '1']	1.9	['2', '2', '2', '2', '2', '2', '2', '2', '2', '2']	2.0
"Milton 699 1/4"" Single Head Air Chuck"	Does this chuck have auto-shut off or is it free-flow?	it has self-shut off.	1.6666666666666667	['2', '2', '2', '2', '2', '2', '2', '2', '2', '2']	2.0	['2', '2', '2', '2', '2', '2', '2', '2', '2', '2']	2.0	['2', '3', '2', '2', '2', '2', '3', '3', '2', '2']	2.3	['3', '3', '2', '2', '2', '2', '2', '2', '2', '2']	2.2
Thetford 13168 Aqua Magic IV Water Valve	how to replace the water valve	remove toilet, install valve, replace toilet	2.0	['2', '2', '2', '2', '2', '2', '2', '2', '2', '2']	2.0	['2', '2', '2', '2', '2', '2', '2', '2', '2', '2']	2.0	['2', '2', '2', '2', '3', '2', '3', '2', '3', '2']	2.3	['2', '2', '2', '2', '2', '2', '2', '2', '2', '2']	2.0
Dee Zee DZ6170NB Specialty Series Narrow Crossover Tool Box	Does it have a lock on it	You will receive an email asking you for wording, font size and color	0.0	['1', '1', '1', '1', '1', '1', '1', '1', '1', '1']	1.0	['1', '1', '1', '1', '1', '1', '1', '1', '1', '1']	1.0	['1', '1', '1', '1', '1', '1', '1', '1', '1', '1']	1.0	['1', '1', '1', '0', '1', '1', '1', '1', '0', '1']	0.8
Sierra Tools Battery-Operated Liquid Transfer Pump, Model# JB5684	If I pump gasoline from a gas can into my cars fuel tank, since you can't see how full the fuel tank is, how do I stop the fuel from overflowing?	i just sit the can next to the fuel tank.	1.0	['1', '1', '1', '1', '1', '1', '1', '1', '1', '1']	1.0	['1', '1', '1', '1', '1', '1', '1', '1', '1', '1']	1.0	['1', '1', '1', '1', '1', '1', '1', '1', '1', '1']	1.0	['1', '1', '1', '1', '1', '1', '1', '1', '1', '1']	1.0
MAZDA CX-5 SKYACTIV 2013 NEW OEM ROOF RACK AND CROSS BARS SET	Will it fit 2016 cx-5	the new XE-A407 thermal papetr only single no double white & yellow copies .	0.75	['1', '1', '1', '1', '1', '0', '0', '0', '1', '1']	0.7	['1', '1', '1', '1', '1', '1', '1', '1', '1', '1']	1.0	['1', '0', '0', '0', '0', '0', '0', '0', '0', '0']	0.1	['0', '1', '0', '1', '0', '0', '1', '0', '1', '0']	0.4
ACDelco 214-1091 GM Original Equipment Vapor Canister Vent Valve	where on vehicle is it physically located? need to see before ordering. Have been laying on frozen ground looking.	behind the driver's side cab above the gas tank	3.0	['2', '2', '2', '2', '2', '2', '2', '2', '2', '2']	2.0	['2', '2', '2', '2', '2', '2', '2', '2', '2', '2']	2.0	['2', '2', '2', '2', '2', '2', '2', '2', '2', '2']	2.0	['2', '2', '2', '2', '2', '2', '2', '2', '2', '2']	2.0
Bosch 15719 Oxygen Sensor, Original Equipment (Ford, Mazda, Mercury)	What is the proper size socket to fit this sensor?	bank 1 sensor 2	1.0	['0', '1', '0', '0', '0', '0', '1', '1', '0', '0']	0.3	['1', '1', '1', '1', '1', '1', '1', '1', '1', '1']	1.0	['0', '0', '0', '0', '1', '0', '0', '0', '0', '0']	0.1	['1', '1', '1', '0', '0', '1', '1', '0', '1', '0']	0.6
ROLA 59100 Platypus Expandable Roof Top Bag	Need to  know if the straps on the unit will secure it to the cross rails on my2012 Honda Pilot or do I need to order other straps	do I need to order other straps?	1.0	['1', '1', '1', '1', '1', '1', '1', '1', '1', '1']	1.0	['3', '3', '3', '3', '2', '1', '2', '2', '1', '3']	2.3	['3', '3', '3', '2', '1', '2', '3', '3', '2', '3']	2.5	['2', '2', '3', '3', '3', '3', '2', '3', '3', '2']	2.6
ATO / ATC Fuse Block 12 Gang - for Auto, RV, Boat	How do you ground it?	It's for business cards, I  have not used it for credit cards	0.25	['1', '1', '1', '1', '1', '1', '1', '1', '1', '1']	1.0	['2', '1', '1', '1', '1', '1', '1', '1', '1', '1']	1.1	['1', '1', '1', '1', '1', '1', '1', '1', '1', '1']	1.0	['1', '1', '1', '1', '1', '1', '1', '1', '1', '1']	1.0
Moog ES3488 Tie Rod End	how does amazon handle the lifetime warranty? curious because when you go to the moog website it says to contact supplier, anyone have any insight.	they can't do it.	1.25	['1', '1', '1', '1', '1', '1', '1', '1', '1', '1']	1.0	['1', '1', '1', '1', '1', '2', '1', '2', '1', '1']	1.2	['1', '1', '1', '1', '1', '1', '1', '1', '1', '1']	1.0	['1', '1', '1', '1', '1', '1', '1', '1', '1', '1']	1.0
StrongArm 4290 Dodge Durango Liftgate Lift Support 1998-03, Pack of 1	How would I know if  I need to replace both? This will be used by a lady of medium strength and I don't want her to have trouble lowering the tailgate.	the struts are really firm.	1.25	['1', '1', '1', '2', '2', '1', '1', '1', '1', '1']	1.2	['1', '1', '1', '1', '1', '1', '1', '1', '1', '1']	1.0	['1', '1', '1', '1', '1', '1', '1', '1', '1', '1']	1.0	['2', '1', '1', '1', '1', '1', '2', '2', '1', '1']	1.3
SE-1-12S 1.5A 6V/12V Fully Automatic Battery Maintainer	how does it attach to the battery?	attaches to a panel near the battery	2.0	['2', '2', '2', '2', '2', '2', '2', '2', '2', '2']	2.0	['2', '2', '2', '2', '2', '2', '2', '2', '2', '2']	2.0	['3', '2', '2', '3', '2', '2', '2', '2', '2', '2']	2.2	['2', '2', '2', '2', '2', '2', '2', '2', '2', '2']	2.0
"Thermo-Tec 13575 Adhesive Backed Aluminized Heat Barrier, 12"" x 24"""	Can I use this on the inside of my marine engine cover. It is marine plywood. Want for safety precaution.	it may stick where you dont want it too.	0.75	['1', '1', '1', '1', '1', '1', '2', '1', '1', '1']	1.1	['1', '1', '1', '1', '1', '1', '1', '1', '1', '1']	1.0	['1', '1', '1', '1', '1', '1', '1', '1', '1', '1']	1.0	['1', '1', '2', '1', '1', '2', '2', '1', '1', '1']	1.3
Custom Accessories 17381 Chrome Deer Alert Horn	How do you put these on your car?	easy to install and easy to remove	0.75	['2', '2', '2', '2', '2', '2', '2', '2', '2', '2']	2.0	['2', '2', '2', '2', '2', '2', '2', '2', '2', '2']	2.0	['1', '2', '2', '2', '2', '2', '2', '2', '2', '2']	1.9	['2', '2', '2', '2', '2', '2', '2', '2', '2', '2']	2.0
Dee Zee DZ3700301 3&quot; Round Universal Nerf Bars	whY DOES THE PICTURE NOT MATCH THE PRODUCT????? ?	the picture showed a dual step.	0.75	['1', '1', '1', '1', '1', '2', '1', '1', '1', '1']	1.1	['2', '2', '1', '1', '1', '2', '2', '2', '1', '1']	1.5	['1', '1', '1', '1', '1', '1', '1', '1', '1', '1']	1.0	['1', '1', '2', '2', '1', '1', '1', '2', '1', '2']	1.4
Gates 38379K Enhancement Component Kit	this kit comes with a grooved belt double sided, now i am worried because the water pump pulley is not grooved. So will it work the way it is?	Probably only holds about 5 credit cards.  It is pretty thin.  I use it for business cards	0.25	['1', '1', '1', '0', '1', '1', '1', '1', '1', '1']	0.9	['0', '1', '1', '1', '1', '1', '1', '0', '1', '1']	0.8	['0', '0', '1', '0', '1', '0', '1', '1', '1', '0']	0.5	['0', '0', '0', '1', '1', '1', '1', '0', '1', '1']	0.6
ATO / ATC Fuse Block 12 Gang - for Auto, RV, Boat	I'd like to use this under the hood of my truck. Can it be used in this wet location since it does not have a cover? Thx.	They are about the size of a half dollar and about 1/2 or 3/4 inch thick.	0.25	['1', '0', '1', '0', '1', '1', '1', '1', '1', '0']	0.7	['1', '1', '1', '1', '1', '2', '1', '1', '1', '1']	1.1	['1', '1', '1', '1', '1', '1', '1', '1', '1', '1']	1.0	['1', '1', '0', '1', '0', '0', '0', '1', '0', '1']	0.5
"Kat's 24100 100 Watt 4""x 5"" Universal Hot Pad Heater"	Leave it plugged in over night? I was wondering if you can leave this plugged in over night or if that would be a fire hazard?	if left on constantly, it would be a fire hazard.	1.75	['3', '3', '3', '3', '3', '3', '3', '3', '3', '3']	3.0	['2', '3', '2', '2', '2', '2', '3', '2', '2', '2']	2.2	['3', '2', '2', '3', '3', '2', '2', '3', '2', '3']	2.5	['2', '2', '2', '2', '2', '2', '2', '2', '2', '2']	2.0
RoadPro 1324 Electronic Big Digit Clock and Calendar with Velcro Mounting Tape	will this allow you to change the time? or is this set as atomic time?	it will only change the time if you touch it once.	2.25	['2', '2', '2', '2', '1', '2', '1', '2', '2', '2']	1.8	['2', '1', '1', '2', '2', '1', '1', '2', '1', '2']	1.5	['1', '2', '2', '1', '2', '1', '1', '1', '1', '2']	1.4	['2', '2', '2', '2', '2', '2', '2', '2', '2', '2']	2.0
Meguiar's Last Touch Spray Detailer &ndash; Give Your Car a Flawless Showroom Shine &ndash; D15501, 1 Gallon	How does this compare to the ultimate detailer other other higher end detailer sprays?	it is more cost effective	1.5	['1', '1', '1', '2', '1', '1', '1', '2', '2', '1']	1.3	['1', '1', '1', '1', '1', '2', '2', '1', '2', '2']	1.4	['1', '2', '1', '2', '2', '1', '1', '1', '2', '2']	1.5	['2', '2', '2', '2', '1', '2', '1', '1', '2', '1']	1.6
Trailer-Aid Tandem Tire Changing Ramp, The Fast and Easy Way To Change A Trailer's Flat Tire, Holds up to 15,000 lbs, 4.5 Inch Lift (Yellow)	What are the four bolts under the Trailer Aid Tandem Tire Changing Ramp for?	to level the ramp	1.0	['2', '2', '2', '2', '2', '2', '2', '2', '2', '2']	2.0	['2', '2', '2', '2', '2', '1', '2', '2', '1', '2']	1.8	['1', '1', '1', '1', '1', '1', '1', '1', '1', '1']	1.0	['2', '2', '2', '2', '2', '2', '2', '2', '2', '2']	2.0
"Westin 27-6135 Black Aluminum Step Boards for Trucks and SUV's 79"""	sell both together or come a part?	they are a part	2.0	['2', '2', '2', '2', '2', '2', '2', '2', '2', '2']	2.0	['2', '2', '2', '2', '2', '2', '2', '2', '2', '2']	2.0	['2', '3', '2', '3', '3', '2', '3', '2', '3', '2']	2.5	['2', '2', '2', '2', '2', '2', '2', '2', '2', '2']	2.0
Dowco Guardian 26010-00 UltraLite Water Resistant Indoor/Outdoor Motorcycle Cover: Grey, Medium	Good grief, people. It says waterproof right on the page.	not waterproof or water resistant.	2.0	['1', '2', '2', '2', '2', '2', '2', '2', '2', '2']	1.9	['1', '1', '1', '1', '2', '1', '1', '2', '1', '1']	1.2	['1', '1', '2', '1', '1', '2', '2', '2', '1', '1']	1.4	['2', '2', '2', '2', '2', '3', '2', '2', '2', '2']	2.1
Lifehammer Brand Safety Hammer - The Original Emergency Escape and Rescue Tool with Sea Belt Cutter, Made in The Netherlands	Wonder if two of these would be better in a driver/passenger situation  requiring that both occupants try to rescue themselves.	a lifehammer and a life hammer	0.6666666666666666	['1', '1', '2', '2', '2', '2', '2', '1', '1', '1']	1.5	['2', '2', '2', '2', '2', '2', '2', '2', '2', '2']	2.0	['2', '2', '2', '2', '2', '2', '2', '2', '2', '2']	2.0	['2', '2', '1', '2', '2', '2', '2', '1', '1', '2']	1.7
Rightline Gear 100B90 Cargo Saddlebag	What are the measurements of the bottom of this saddlebag? did not have  plastic one.	the bottom is a hard plastic bottom.	1.6666666666666667	['2', '2', '2', '2', '2', '2', '2', '2', '2', '2']	2.0	['2', '1', '2', '2', '2', '1', '1', '2', '2', '2']	1.7	['2', '2', '2', '2', '2', '2', '2', '2', '2', '2']	2.0	['2', '2', '2', '2', '2', '2', '2', '2', '2', '2']	2.0
KYB SM5058 - Mount Kit	In the listing, one picture has 3 mounting studs and another has 4. Which is it?	the product is the bushings that go into the mounting plate.	1.6666666666666667	['1', '1', '1', '1', '1', '1', '1', '1', '1', '1']	1.0	['1', '1', '1', '1', '1', '1', '1', '1', '1', '1']	1.0	['1', '1', '1', '1', '1', '1', '1', '1', '1', '1']	1.0	['1', '1', '1', '1', '1', '1', '1', '1', '1', '1']	1.0
Toyota 84977-0C020 Drive Monitor Switch	does it fit 2007 toyota tundra crewmax	I dont see why it would not work in anything 07 and up.	2.333333333333333	['2', '2', '2', '2', '2', '2', '2', '2', '2', '2']	2.0	['2', '2', '2', '2', '2', '2', '2', '2', '2', '2']	2.0	['2', '2', '2', '2', '2', '2', '2', '2', '2', '2']	2.0	['2', '2', '2', '2', '2', '2', '2', '2', '2', '2']	2.0
Kool Kooshion Wood Beaded Seat Cushion	Does this cover just the back of the seat or also the surface upon which you sit?	the back and the bottom	2.333333333333333	['2', '2', '2', '2', '2', '2', '2', '2', '2', '2']	2.0	['2', '2', '2', '2', '2', '2', '2', '2', '2', '2']	2.0	['2', '2', '2', '2', '2', '2', '2', '2', '2', '2']	2.0	['2', '2', '2', '2', '2', '2', '2', '2', '2', '2']	2.0
